Foldername,Filename,Start_ymin,Start_ymax,Start_xmin,Start_xmax,BBox,Duration,End_ymin,End_ymax,End_xmin,End_xmax,YawStart,RollStart,PitchStart,3DAngleStart,MoveDistanceStart,YawEnd,RollEnd,PitchEnd,3DAngleEnd,MoveDistanceEnd,YawMax,YawMin,YawAvg,YawStd,RollMax,RollMin,RollAvg,RollStd,PitchMax,PitchMin,PitchAvg,PitchStd,3DAngleMax,3DAngleMin,3DAngleAvg,3DAngleStd,MoveDistanceMax,MoveDistanceMin,MoveDistanceAvg,MoveDistanceStd
Happy/1s,Tucker_Carlson_Said_He_Hates_Trump_Passionately_in_Bombshell_Court_Filing_A_Closer_Look13_4.mp4,108,285,873,996,"[873, 108, 996, 285];[872, 106, 997, 282];[873, 102, 997, 277];[873, 101, 997, 275];[873, 101, 997, 272];[873, 101, 997, 273];[874, 101, 997, 273];[874, 101, 997, 274];[873, 103, 998, 278];[869, 106, 997, 286];[871, 117, 996, 295];[869, 123, 996, 299];[868, 119, 995, 297];[869, 109, 996, 288];[870, 106, 995, 282];[873, 103, 998, 280];[873, 104, 998, 279];[874, 111, 997, 281];[872, 111, 996, 292];[871, 123, 998, 303];[870, 128, 995, 310];[869, 127, 995, 309];[869, 119, 998, 299];[869, 111, 995, 287];[869, 108, 996, 280];[870, 103, 996, 280];[870, 100, 997, 279];[869, 100, 997, 280];[870, 103, 996, 281];[869, 107, 994, 282]",1.045,107,282,869,994,7.783195495605469,5.150115966796875,-7.02508544921875,11.681337772836397,0.0,6.166748046875,6.842216491699219,-8.117889404296875,12.277818876873566,2.5826976255683554,9.58168,2.9412231,6.9443216,2.011673,6.8422165,3.8475952,5.363445,0.90123576,-2.473175,-13.047256,-7.114027,3.096513,15.760628736693286,9.344455907436455,11.82550120062404,1.4847517117823532,15.258489800486393,1.1192709103872653,7.047986726576773,3.904387400725423
Happy/1s,Stunning_Texts_Reveal_What_Fox_Hosts_Really_Thought_About_Trumps_Presidency_A_Closer_Look12_4.mp4,106,288,834,955,"[834, 106, 955, 288];[834, 106, 953, 283];[833, 103, 953, 279];[832, 103, 955, 281];[834, 106, 955, 279];[835, 106, 958, 281];[837, 107, 959, 285];[839, 106, 960, 285];[839, 109, 962, 284];[840, 107, 963, 282];[840, 109, 963, 284];[841, 110, 964, 285];[843, 113, 965, 291];[846, 116, 967, 298];[844, 117, 968, 302];[843, 118, 970, 299];[847, 124, 968, 300];[847, 127, 968, 307];[846, 127, 971, 317];[846, 128, 972, 319];[847, 130, 973, 321];[848, 132, 975, 324];[852, 134, 977, 321];[852, 135, 978, 320];[853, 134, 979, 318];[853, 133, 979, 318];[855, 132, 981, 317];[856, 130, 982, 316];[856, 129, 982, 317];[856, 130, 982, 316]",1.045,130,316,856,982,4.581504821777344,8.951889038085938,-4.710136413574219,11.104588637885243,0.0,2.1406097412109375,9.027877807617188,-10.057479858398438,13.683482337311812,5.878590392630932,6.5737762,2.0363388,4.2928395,1.2753899,9.027878,5.492401,6.7940164,1.154178,-4.7101364,-15.833733,-10.322642,2.7640069,17.80799828922847,9.99475309075272,13.333975627170203,1.9868680568648416,16.36107322788326,2.066192772909449,9.028663045788145,3.250077626003961
Happy/1s,Grand_Jury_Suggests_Charges_in_Trump_Election_Case_Trump_Docs_Found_on_Laptop_A_Closer_Look36_16.mp4,134,318,838,968,"[838, 134, 968, 318];[842, 135, 968, 318];[843, 133, 969, 316];[845, 133, 971, 316];[846, 132, 973, 315];[849, 133, 976, 314];[849, 134, 977, 316];[850, 134, 977, 315];[851, 134, 979, 320];[852, 139, 978, 322];[854, 141, 979, 325];[852, 139, 980, 330];[852, 141, 979, 330];[849, 140, 979, 332];[848, 142, 978, 333];[846, 144, 979, 334];[846, 147, 979, 337];[850, 156, 978, 340];[849, 159, 979, 347];[850, 169, 980, 345];[846, 172, 986, 363];[850, 182, 985, 362];[850, 187, 984, 359];[852, 186, 984, 359];[849, 186, 985, 359];[850, 182, 989, 362];[848, 178, 986, 368];[850, 176, 983, 362];[852, 174, 981, 358];[852, 172, 979, 354]",1.045,172,354,852,979,6.091278076171875,-0.091033935546875,-6.1170501708984375,8.633090904882323,0.0,-1.2146987915039062,1.6003646850585938,-13.261962890625,13.41328893268084,10.357987500345331,6.346054,-1.779602,3.1119585,2.3656259,2.38826,-2.9620514,0.3654007,1.2879038,-3.6656647,-16.112991,-8.813121,4.0868163,16.590167069024083,5.457510016096359,9.945295556257424,3.54075686075758,16.589353716571594,1.0316844439880293,7.7461509486605085,4.031137115486933
Happy/1s,Greene_Embarrasses_Herself_at_Hearing_DeSantis_Tries_to_OutMAGA_Trump_A_Closer_Look17_0.mp4,112,291,713,845,"[713, 112, 845, 291];[713, 112, 845, 291];[713, 112, 846, 291];[713, 112, 845, 291];[713, 113, 845, 291];[712, 112, 845, 291];[712, 112, 845, 291];[713, 112, 845, 291];[713, 112, 845, 291];[713, 111, 845, 291];[713, 111, 845, 291];[713, 112, 845, 290];[713, 112, 845, 290];[712, 112, 844, 291];[712, 112, 844, 291];[712, 112, 844, 291];[711, 111, 844, 291];[711, 112, 844, 290];[711, 112, 844, 291];[711, 111, 844, 290];[710, 112, 844, 290];[710, 112, 843, 291];[710, 112, 843, 290];[711, 112, 844, 290];[711, 111, 844, 291];[712, 110, 845, 290];[714, 109, 846, 288];[718, 115, 847, 290];[721, 116, 850, 289];[723, 110, 852, 286]",1.045,110,286,723,852,-12.231063842773438,-18.9805908203125,1.4495773315429688,22.626599944628317,0.0,-11.155349731445312,-16.660018920898438,1.1995468139648438,20.085740480112854,2.5699669354645467,-8.477898,-12.231064,-10.3250065,0.9604012,-16.435158,-19.188713,-18.01885,0.7930408,1.8558426,0.39094543,1.1581508,0.29787004,22.626599944628317,18.915446929991013,20.81190951730148,1.0631845751008386,12.316663394203925,0.3332416931955405,6.42615560908006,4.159530087641006
Happy/1s,NY_and_GA_Prosecutors_Weigh_Trump_Indictments_DeSantis_Weird_Eating_Habits_A_Closer_Look21_0.mp4,120,300,790,918,"[790, 120, 918, 300];[790, 119, 918, 300];[790, 120, 918, 300];[789, 118, 918, 300];[789, 118, 916, 302];[789, 118, 916, 302];[789, 118, 916, 302];[789, 117, 916, 302];[789, 117, 916, 302];[789, 118, 916, 302];[789, 117, 917, 301];[789, 118, 917, 301];[789, 119, 917, 301];[790, 118, 917, 301];[790, 118, 917, 301];[790, 118, 917, 301];[790, 118, 917, 302];[790, 117, 917, 301];[789, 117, 917, 301];[790, 117, 917, 301];[789, 117, 917, 301];[789, 117, 917, 301];[789, 117, 917, 301];[789, 117, 917, 301];[789, 117, 917, 301];[788, 116, 917, 301];[788, 116, 916, 301];[788, 116, 916, 301];[788, 116, 916, 301];[788, 116, 917, 301]",1.045,116,301,788,917,8.787071228027344,-8.360992431640625,-12.126495361328125,17.151405334744158,0.0,8.852302551269531,-8.457771301269531,-10.613533020019531,16.203216934017654,1.5174571892994402,10.284454,8.61422,9.403591,0.3961819,-7.562973,-8.994431,-8.342119,0.3615116,-10.364677,-12.126495,-10.970878,0.4212999,17.55112931627583,15.952255463076932,16.69083412212158,0.5097703729231774,15.24204049875549,0.7585026804774433,8.073491501688434,6.50084977371264
Happy/1s,Trump_Rips_into_DeSantis_Kicks_Off_2024_Campaign_Lindell_Loses_RNC_Vote_A_Closer_Look29_16.mp4,91,268,825,951,"[825, 91, 951, 268];[825, 90, 951, 268];[825, 88, 951, 266];[824, 87, 950, 269];[824, 86, 950, 268];[824, 87, 951, 267];[824, 88, 951, 270];[825, 91, 952, 270];[825, 92, 952, 270];[826, 92, 952, 269];[827, 93, 952, 268];[827, 94, 952, 269];[827, 95, 953, 271];[827, 94, 953, 271];[827, 94, 953, 273];[826, 93, 953, 273]",0.549,93,273,826,953,13.000259399414062,-4.110870361328125,-2.579071044921875,13.87651278363747,0.0,11.623443603515625,-4.0929412841796875,-3.2138519287109375,12.73520529004263,1.516209074655229,14.502548,10.448708,12.423839,1.1378728,-2.9558563,-4.9646606,-4.1077824,0.59217346,-1.631813,-3.2795334,-2.720079,0.41269025,15.415400544654046,11.17118204881977,13.381801469753562,1.1694434834004381,14.594064500226207,0.48574786681400983,7.244355354394319,5.733983718910057
Happy/2s,Trump_Blamed_for_Gutting_Financial_Rules_After_Silicon_Valley_Bank_Collapse_A_Closer_Look23_1.mp4,126,315,817,943,"[817, 126, 943, 315];[815, 125, 941, 317];[816, 127, 941, 314];[816, 127, 940, 312];[816, 128, 939, 310];[815, 126, 940, 311];[816, 126, 942, 311];[816, 126, 941, 311];[816, 125, 941, 309];[816, 125, 941, 309];[815, 125, 941, 309];[815, 125, 940, 308];[814, 123, 938, 309];[814, 124, 940, 306];[813, 122, 939, 305];[813, 122, 939, 304];[813, 121, 938, 304];[813, 121, 938, 304];[812, 121, 938, 303];[812, 120, 940, 305];[812, 120, 940, 306];[813, 120, 939, 302];[812, 120, 940, 302];[813, 120, 940, 303];[813, 120, 940, 302];[812, 120, 940, 302];[812, 120, 940, 302];[812, 120, 940, 301];[813, 119, 939, 302];[813, 118, 939, 303];[813, 119, 939, 306];[814, 120, 941, 306];[815, 121, 941, 304];[817, 120, 943, 304];[817, 120, 945, 303];[817, 120, 945, 304];[818, 118, 946, 304];[819, 115, 948, 301];[819, 114, 946, 300];[821, 113, 948, 297];[820, 113, 948, 296];[820, 112, 949, 294];[821, 112, 950, 293];[821, 111, 949, 293];[822, 112, 950, 292];[822, 114, 948, 290];[823, 114, 949, 289];[823, 112, 950, 289];[826, 112, 952, 289];[827, 112, 955, 288];[829, 112, 959, 287];[832, 111, 962, 286];[836, 111, 964, 285];[840, 109, 966, 285];[842, 108, 968, 285];[844, 108, 969, 287];[847, 110, 974, 287]",1.934,110,287,847,974,-0.178924560546875,5.7656402587890625,4.259834289550781,7.170830479558745,0.0,7.374687194824219,8.1962890625,1.1095962524414062,11.081352329972793,8.537511572367707,8.681694,-2.282524,2.6909041,3.3944304,8.196289,4.088394,6.018845,0.9198345,4.2598343,-1.9231415,1.3761071,1.5828737,11.418095952878096,4.106894073965435,7.531802251879075,1.872653255218158,9.828591898095219,0.04442224514837554,4.428223252945898,2.821104501393169
Happy/2s,Trump_Turns_on_Fox_and_Murdoch_Amid_Fallout_from_Shocking_Dominion_Lawsuit_A_Closer_Look29_3.mp4,168,363,816,949,"[816, 168, 949, 363];[815, 168, 949, 365];[816, 168, 949, 364];[816, 169, 949, 363];[817, 169, 949, 363];[817, 169, 948, 362];[817, 169, 948, 362];[817, 169, 948, 362];[817, 169, 948, 363];[817, 169, 948, 362];[817, 170, 948, 364];[816, 169, 947, 364];[816, 169, 948, 363];[816, 168, 947, 363];[816, 169, 947, 363];[816, 169, 947, 363];[814, 169, 946, 365];[814, 169, 945, 364];[814, 170, 945, 364];[813, 169, 946, 365];[815, 170, 947, 363];[815, 170, 947, 363];[815, 170, 947, 364];[815, 170, 947, 364];[815, 170, 947, 365];[816, 170, 947, 366];[816, 171, 947, 367];[816, 171, 947, 367];[816, 171, 947, 367];[816, 171, 948, 366];[816, 170, 948, 365];[817, 170, 948, 364];[816, 170, 947, 363];[814, 171, 947, 364];[813, 170, 946, 365];[813, 170, 947, 365];[813, 170, 946, 365];[814, 171, 946, 364];[815, 170, 947, 366];[815, 171, 947, 366];[814, 170, 947, 365];[813, 176, 944, 365];[813, 176, 944, 366]",1.463,176,366,813,944,19.603851318359375,2.70526123046875,-6.46356201171875,20.818430745777924,0.0,18.1407470703125,2.3333740234375,-8.19482421875,20.042117716910955,2.2970073933056963,19.76374,16.749634,18.228632,0.63403034,4.392906,2.3084335,2.9965782,0.5008762,-5.790947,-9.15094,-7.4414587,0.80365044,21.04423781551216,18.420794135743684,19.940023793484798,0.5761808414998736,20.88750600923131,0.36448035915578486,10.920719215174465,8.917282449432308
Happy/2s,Criminal_Charges_in_Trump_Election_Case_Could_Be_Imminent_Atlanta_DA_Says_A_Closer_Look21_0.mp4,129,316,855,983,"[855, 129, 983, 316];[853, 130, 982, 315];[853, 129, 982, 315];[853, 130, 982, 316];[853, 130, 983, 316];[853, 129, 983, 316];[853, 130, 984, 316];[853, 130, 984, 315];[853, 129, 984, 315];[854, 130, 981, 313];[855, 130, 982, 314];[855, 131, 983, 316];[855, 131, 983, 317];[855, 132, 983, 317];[855, 134, 982, 317];[855, 134, 983, 317];[855, 134, 982, 318];[855, 134, 982, 318];[855, 134, 982, 318];[855, 134, 982, 318];[854, 134, 982, 319];[855, 133, 982, 319];[854, 133, 981, 319];[854, 133, 981, 319];[854, 134, 981, 318];[855, 135, 981, 318];[855, 135, 981, 317];[854, 134, 981, 317];[854, 134, 981, 316];[854, 136, 980, 316];[854, 133, 981, 318];[853, 130, 981, 319];[853, 128, 984, 321];[856, 130, 984, 316];[856, 130, 984, 316];[857, 130, 984, 316]",1.228,130,316,857,984,19.472000122070312,3.0617294311523438,-6.8996734619140625,20.883928503625267,0.0,17.8470458984375,3.8983383178710938,-6.788703918457031,19.488473255593693,1.8310392944483644,19.472,17.389572,18.320436,0.37913504,3.8983383,-0.7271347,1.0263792,1.1828778,-6.278305,-13.156853,-10.934555,1.9762052,22.768039933004648,18.88023793370774,21.46754182472198,0.9215862419219809,22.76047434007246,1.8310392944483644,13.325070903906171,8.312212165183842
Happy/2s,Trump_Indicted_Arrives_in_New_York_to_Face_Arrest_Fox_and_GOP_in_Hysterics_A_Closer_Look2_7.mp4,130,316,842,967,"[842, 130, 967, 316];[842, 126, 972, 306];[845, 119, 976, 303];[848, 113, 980, 296];[850, 109, 982, 292];[853, 106, 985, 285];[854, 105, 987, 283];[859, 105, 989, 282];[860, 102, 993, 282];[862, 98, 997, 281];[865, 96, 1000, 281];[868, 95, 1002, 279];[871, 96, 1003, 277];[876, 94, 1008, 280];[877, 94, 1009, 280];[880, 95, 1014, 280];[883, 95, 1015, 279];[885, 96, 1015, 281];[885, 97, 1015, 282];[885, 97, 1017, 282];[886, 97, 1017, 281];[887, 97, 1018, 280];[889, 98, 1018, 280];[889, 99, 1019, 280];[889, 98, 1019, 282];[889, 96, 1019, 282];[888, 95, 1020, 282];[889, 95, 1020, 282];[889, 96, 1020, 282];[889, 98, 1018, 281];[888, 100, 1017, 282];[887, 103, 1015, 283];[882, 101, 1016, 288];[878, 100, 1013, 293];[877, 101, 1013, 297];[878, 108, 1007, 297];[876, 108, 1013, 304];[873, 110, 1009, 308];[871, 115, 1009, 312];[873, 123, 1006, 319];[873, 131, 1004, 319];[869, 131, 1004, 322];[867, 135, 1003, 326];[866, 138, 1004, 333];[865, 143, 1003, 338];[865, 145, 1001, 343];[864, 148, 999, 342];[863, 149, 999, 342];[862, 152, 996, 348];[862, 155, 995, 351];[862, 159, 995, 353];[863, 161, 995, 353];[863, 161, 996, 355];[863, 161, 997, 354];[863, 162, 997, 354];[864, 162, 997, 351];[865, 161, 998, 351];[866, 158, 999, 347];[867, 156, 1000, 347];[867, 154, 1001, 347]",2.038,154,347,867,1001,-3.0771942138671875,5.610466003417969,-5.0903778076171875,8.176698553184412,0.0,-9.29669189453125,9.225830078125,-11.83087158203125,17.64975759614827,9.85836016360645,-1.4700928,-9.776306,-5.0675435,2.2085915,17.392044,5.610466,11.5849285,2.7890277,0.42396545,-14.317146,-6.562022,4.209102,18.985549866322934,8.176698553184412,15.076885867805457,2.4517977821673,16.623801106402514,2.3102450827180014,8.347650987153203,3.5732836302688744
Happy/2s,Grand_Jury_Hears_from_Key_Witness_in_Trump_Case_Trump_Rips_DeSantis_on_Fox_A_Closer_Look24_1.mp4,131,312,823,948,"[823, 131, 948, 312];[824, 134, 949, 311];[824, 134, 948, 311];[823, 133, 948, 310];[824, 132, 948, 308];[825, 131, 949, 308];[825, 131, 951, 308];[826, 130, 952, 307];[827, 130, 952, 307];[827, 130, 951, 306];[826, 129, 951, 307];[826, 130, 950, 306];[825, 130, 949, 306];[824, 130, 948, 308];[823, 130, 948, 308];[824, 133, 949, 307];[824, 133, 949, 307];[824, 134, 948, 310];[824, 134, 947, 311];[823, 134, 946, 311];[823, 134, 946, 312];[823, 134, 946, 312];[823, 135, 946, 311];[824, 134, 947, 311];[823, 133, 948, 310];[824, 135, 948, 310];[824, 135, 948, 310];[824, 135, 949, 309];[821, 135, 947, 310];[824, 136, 947, 310];[823, 136, 947, 311];[822, 137, 946, 313];[822, 136, 947, 313];[821, 137, 946, 313];[821, 137, 946, 312];[820, 138, 945, 313];[820, 138, 946, 314];[821, 139, 947, 314];[821, 138, 948, 316];[821, 140, 947, 316];[822, 141, 947, 313];[823, 142, 947, 315];[824, 141, 948, 316];[824, 142, 948, 315];[824, 141, 948, 315];[823, 137, 947, 315];[822, 138, 946, 317];[822, 140, 945, 316];[821, 138, 945, 318];[820, 139, 942, 317];[821, 138, 944, 319];[820, 139, 944, 320];[820, 139, 944, 320];[820, 138, 945, 320];[822, 138, 944, 320];[821, 140, 944, 320];[823, 141, 948, 322];[824, 141, 949, 321];[824, 139, 950, 321]",1.986,139,321,824,950,4.702362060546875,9.166374206542969,-6.866157531738281,12.38057931978521,0.0,5.470001220703125,7.114013671875,-8.04644775390625,12.053025567651511,2.4888830131232154,15.658562,0.51083374,6.3864202,3.668705,9.645706,6.472534,8.25123,0.6990303,-3.1625443,-13.400009,-7.9464817,2.6020072,18.540689955535278,8.506468254631722,13.647406519023134,2.5460763879912496,16.4198238147738,1.3728558257484573,7.569217692219512,4.267051269453914
Happy/2s,Trump_Indicted_Arrives_in_New_York_to_Face_Arrest_Fox_and_GOP_in_Hysterics_A_Closer_Look23_12.mp4,114,299,794,926,"[794, 114, 926, 299];[793, 117, 923, 307];[788, 122, 920, 327];[787, 128, 919, 329];[785, 133, 916, 328];[785, 134, 916, 325];[784, 131, 916, 316];[787, 127, 916, 308];[785, 122, 916, 312];[784, 119, 919, 315];[786, 121, 919, 318];[788, 121, 920, 315];[791, 120, 923, 314];[792, 120, 924, 312];[794, 122, 929, 310];[797, 119, 933, 309];[801, 119, 934, 313];[802, 118, 937, 314];[804, 118, 939, 314];[805, 118, 939, 313];[805, 118, 939, 312];[807, 118, 939, 311];[808, 117, 940, 309];[807, 115, 940, 310];[807, 115, 941, 308];[809, 116, 943, 307];[811, 113, 946, 305];[811, 111, 947, 304];[812, 111, 948, 304];[812, 111, 948, 304];[812, 110, 948, 303];[812, 110, 948, 301];[815, 110, 945, 298];[815, 109, 945, 297];[814, 106, 946, 298];[813, 105, 946, 293];[814, 103, 946, 288];[815, 101, 946, 285];[817, 96, 948, 284];[818, 94, 950, 281];[820, 90, 953, 279];[824, 89, 955, 273]",1.437,89,273,824,955,0.9680328369140625,-7.2237091064453125,-3.169342041015625,7.9475650233787904,0.0,4.048187255859375,7.7631988525390625,5.887870788574219,10.5509288171948,17.779984973449906,4.0481873,-1.6583252,0.23844202,1.3217272,7.763199,-8.628296,-0.9602134,4.403175,5.887871,-11.442131,-6.763862,4.12415,14.280403549322342,4.842171244567882,8.970565365693497,2.097900205130554,17.779984973449906,2.410328563488674,8.3888125419915,2.8738362110637627
Happy/2s,GOP_in_Chaos_as_George_Santos_Scandal_Gets_Crazier_Greene_and_Boebert_Fight_A_Closer_Look13_9.mp4,116,304,834,968,"[834, 116, 968, 304];[833, 117, 967, 303];[830, 113, 965, 302];[831, 112, 966, 300];[829, 112, 965, 301];[829, 110, 965, 300];[829, 110, 964, 299];[829, 109, 963, 298];[829, 108, 962, 297];[828, 109, 963, 298];[829, 109, 964, 297];[830, 109, 963, 296];[831, 114, 960, 296];[832, 115, 963, 298];[834, 113, 966, 298];[836, 114, 967, 299];[837, 115, 967, 298];[836, 114, 968, 299];[836, 113, 968, 299];[836, 113, 967, 300];[834, 117, 965, 299];[833, 116, 964, 299];[832, 115, 964, 299];[831, 113, 963, 299];[832, 116, 961, 299];[832, 116, 962, 298];[832, 117, 961, 298];[832, 118, 961, 298];[834, 119, 961, 298];[834, 115, 964, 298];[835, 113, 965, 298];[834, 114, 966, 298];[834, 114, 966, 299];[835, 115, 965, 299];[834, 113, 965, 298];[834, 110, 967, 296];[834, 110, 967, 298];[833, 110, 966, 297];[833, 109, 967, 299];[832, 111, 966, 298];[831, 111, 966, 299];[830, 111, 965, 299];[829, 112, 964, 297];[829, 111, 963, 298];[828, 112, 963, 298];[827, 112, 961, 297];[825, 111, 959, 298];[825, 111, 957, 298]",1.646,111,298,825,957,2.310943603515625,15.049713134765625,-1.3948211669921875,15.289861080639556,0.0,13.256172180175781,11.710029602050781,-0.122711181640625,17.688017192027814,11.513895019013155,14.953514,-0.85933685,5.703818,4.808763,15.481262,10.366882,12.427609,1.4684051,1.0756683,-3.8934555,-0.93756485,1.0151981,21.013487823239,11.145774016099338,14.29786612541576,3.1209184108964236,14.95833708990267,0.5739542719910292,6.058001408848543,3.8829405189930313
Happy/2s,Tucker_Carlson_Said_He_Hates_Trump_Passionately_in_Bombshell_Court_Filing_A_Closer_Look7_1.mp4,137,321,862,994,"[862, 137, 994, 321];[863, 139, 994, 323];[862, 140, 995, 322];[863, 139, 994, 322];[862, 137, 994, 321];[861, 136, 993, 317];[862, 135, 994, 316];[863, 133, 995, 314];[864, 134, 994, 315];[864, 131, 996, 314];[864, 134, 995, 314];[865, 133, 995, 313];[866, 131, 997, 314];[866, 131, 998, 314];[866, 131, 997, 314];[868, 133, 997, 313];[869, 135, 997, 315];[865, 135, 998, 315];[866, 136, 997, 315];[866, 137, 997, 316];[866, 137, 997, 316];[867, 138, 997, 315];[867, 137, 997, 316];[867, 136, 997, 315];[867, 137, 997, 317];[867, 138, 997, 317];[867, 138, 997, 319];[865, 138, 998, 321];[867, 141, 998, 323];[867, 142, 997, 326];[868, 142, 998, 328];[867, 141, 998, 328];[867, 140, 998, 325];[866, 139, 998, 322];[866, 139, 997, 320];[866, 138, 996, 319];[865, 138, 997, 317];[865, 139, 997, 316];[865, 139, 996, 315];[865, 139, 996, 315];[866, 139, 996, 315];[866, 136, 996, 315];[865, 135, 997, 314];[864, 135, 996, 313];[863, 134, 995, 312];[863, 134, 994, 310];[860, 132, 993, 312];[858, 132, 992, 311];[858, 135, 987, 311];[856, 132, 988, 312];[855, 133, 988, 314];[856, 133, 988, 316];[857, 133, 989, 316];[857, 134, 989, 315];[857, 134, 989, 316];[857, 134, 990, 314];[858, 133, 991, 314];[859, 134, 991, 314];[859, 135, 991, 314];[858, 136, 990, 317]",2.038,136,317,858,990,3.159393310546875,8.060272216796875,-4.2683868408203125,9.652402836728477,0.0,4.793540954589844,8.877090454101562,-3.38775634765625,10.64225835453718,2.028087922358176,4.793541,1.3072968,3.3779454,0.76037896,11.8869095,6.5468674,8.938813,1.1533933,0.019012451,-7.673767,-4.0301127,1.8235459,12.588658851606889,8.99216354466522,10.592493347630018,0.7665438531689918,8.408915967417743,0.7577334297375284,3.870038593340554,2.003512852617856
Happy/2s,Fox_News_Ousts_Tucker_Carlson_in_Shock_Move_Days_After_Dominion_Settlement_A_Closer_Look2_4.mp4,131,308,854,981,"[854, 131, 981, 308];[853, 132, 981, 308];[853, 131, 981, 308];[853, 129, 981, 309];[853, 127, 982, 308];[853, 127, 981, 308];[851, 127, 980, 308];[850, 123, 978, 308];[850, 122, 977, 308];[850, 121, 977, 303];[849, 118, 975, 300];[846, 115, 973, 300];[843, 110, 969, 297];[838, 110, 965, 296];[833, 113, 961, 297];[834, 113, 960, 296];[832, 112, 958, 294];[831, 114, 957, 298];[833, 115, 958, 300];[834, 117, 958, 301];[832, 117, 957, 303];[834, 118, 960, 302];[834, 119, 961, 301];[833, 123, 959, 300];[832, 123, 958, 300];[831, 123, 956, 298];[830, 123, 955, 302];[830, 125, 955, 302];[828, 125, 955, 304];[826, 126, 953, 306];[826, 130, 951, 309];[823, 130, 949, 308];[823, 129, 949, 308];[822, 130, 948, 309];[822, 130, 948, 311];[821, 131, 948, 310];[821, 131, 949, 313];[821, 131, 949, 315];[821, 131, 949, 314];[822, 130, 949, 315];[822, 130, 949, 314];[822, 130, 950, 313];[822, 131, 950, 313];[823, 131, 951, 311];[824, 130, 952, 311];[825, 131, 953, 311];[825, 130, 954, 312];[827, 130, 954, 314];[827, 131, 953, 314];[828, 131, 954, 316];[827, 130, 954, 318];[827, 130, 954, 318];[827, 130, 954, 318];[828, 130, 954, 317];[828, 129, 954, 311];[828, 129, 955, 309];[827, 128, 954, 310];[827, 130, 953, 311];[826, 131, 953, 314]",1.986,131,314,826,953,9.199699401855469,12.97161865234375,-1.58831787109375,15.981868263941108,0.0,10.606124877929688,-8.146469116210938,-9.345535278320312,16.31544892505098,22.541652235874558,14.456238,-5.038498,9.175498,4.569308,12.971619,-8.674919,-2.549993,6.3847013,4.5271454,-10.205116,-3.1040585,4.194869,17.570768800316856,2.3902670918006756,12.734242421173207,4.172093387740499,22.630853132002883,1.3401358428711208,13.945977617563315,5.901908615285505
Happy/2s,Trump_Calls_to_Defund_FBI_and_DOJ_After_Arrest_GOP_Wants_to_Prosecute_Biden_A_Closer_Look5_5.mp4,121,299,827,955,"[827, 121, 955, 299];[825, 123, 953, 302];[824, 124, 952, 304];[824, 124, 952, 305];[825, 125, 952, 306];[826, 126, 954, 306];[829, 124, 958, 306];[832, 127, 962, 308];[834, 127, 962, 310];[835, 126, 964, 311];[836, 126, 965, 311];[838, 127, 967, 311];[839, 126, 969, 312];[842, 127, 971, 312];[847, 130, 973, 310];[849, 130, 975, 311];[852, 130, 979, 312];[853, 129, 981, 311];[854, 129, 982, 311];[854, 131, 981, 311];[855, 132, 982, 311];[856, 133, 982, 310];[857, 133, 983, 313];[857, 132, 984, 315];[858, 134, 984, 315];[859, 134, 984, 315];[859, 134, 984, 314];[859, 136, 983, 315];[858, 136, 983, 315];[858, 137, 983, 317];[857, 138, 985, 319];[857, 138, 985, 320];[858, 136, 987, 320];[858, 138, 987, 322]",1.15,138,322,858,987,8.249107360839844,-3.4858016967773438,-2.9067840576171875,9.415305585987921,0.0,-5.9059600830078125,5.4478302001953125,-9.891983032226562,12.744039653975499,18.13749480841737,10.921295,-6.0173645,-1.2268358,5.261561,6.6858215,-4.0090256,2.8190477,3.989229,-2.906784,-10.424835,-7.4454,2.2512965,13.499870601662792,5.189129125404157,10.411360299790786,2.270685216462146,18.766394018416587,2.1545380605834064,11.189676017464565,4.603786953932591
Happy/2s,Trump_Calls_to_Defund_FBI_and_DOJ_After_Arrest_GOP_Wants_to_Prosecute_Biden_A_Closer_Look1_24.mp4,104,289,874,1001,"[874, 104, 1001, 289];[875, 103, 1001, 290];[878, 104, 1002, 288];[881, 102, 1007, 285];[885, 102, 1010, 282];[888, 101, 1014, 279];[890, 99, 1019, 281];[891, 97, 1018, 277];[892, 93, 1019, 274];[891, 89, 1020, 271];[891, 84, 1020, 267];[890, 82, 1019, 268];[888, 83, 1018, 270];[887, 85, 1014, 269];[885, 85, 1014, 272];[885, 89, 1012, 273];[885, 91, 1012, 273];[884, 90, 1011, 270];[883, 88, 1011, 271];[882, 86, 1010, 272];[881, 86, 1009, 273];[881, 82, 1008, 272];[878, 85, 1004, 271];[877, 84, 1003, 272];[874, 85, 1004, 272];[875, 84, 1001, 270];[875, 83, 1000, 270];[875, 84, 1000, 269];[874, 85, 1000, 269];[873, 85, 1000, 269];[873, 86, 1000, 269];[871, 89, 1000, 273];[870, 91, 999, 274];[870, 92, 1000, 275];[870, 91, 1000, 277];[870, 92, 998, 278];[868, 93, 997, 279];[866, 94, 996, 280];[864, 95, 994, 280];[863, 95, 994, 282];[863, 96, 992, 282];[862, 96, 989, 280];[858, 97, 988, 281];[856, 96, 984, 280];[856, 96, 985, 279];[857, 96, 984, 276];[857, 94, 984, 276];[857, 93, 985, 278];[857, 92, 984, 276];[856, 91, 984, 275];[856, 91, 983, 275];[856, 90, 983, 276];[855, 91, 982, 275];[855, 92, 983, 276];[856, 92, 983, 276];[857, 92, 984, 278];[857, 92, 985, 280];[857, 92, 984, 279];[857, 93, 985, 279]",1.986,93,279,857,985,11.08026123046875,-1.9606781005859375,0.1110076904296875,11.25294495929313,0.0,11.414138793945312,-6.190155029296875,-0.8060760498046875,13.009624986610701,4.340621142704512,16.376648,0.84013367,7.3651743,4.491191,12.518112,-8.331322,0.5048148,6.7374916,6.8725433,-4.8046417,0.5432526,2.7489557,18.115027762609053,0.8614496651967177,10.375473834630625,4.501849393745354,16.717164867449803,0.8604252094449365,8.536621429340832,3.9502534277331636
Happy/2s,Grand_Jury_Hears_from_Key_Witness_in_Trump_Case_Trump_Rips_DeSantis_on_Fox_A_Closer_Look25_0.mp4,90,275,900,1032,"[900, 90, 1032, 275];[900, 90, 1032, 275];[901, 89, 1033, 273];[903, 87, 1034, 273];[904, 87, 1034, 272];[905, 87, 1035, 271];[906, 86, 1036, 270];[906, 85, 1036, 268];[907, 85, 1034, 267];[908, 85, 1033, 266];[906, 84, 1036, 266];[907, 81, 1033, 264];[908, 81, 1033, 262];[907, 80, 1032, 261];[906, 79, 1033, 261];[904, 82, 1032, 262];[903, 81, 1031, 263];[901, 82, 1030, 263];[900, 83, 1028, 263];[899, 83, 1027, 263];[897, 84, 1027, 262];[898, 83, 1025, 262];[896, 83, 1024, 264];[894, 85, 1022, 266];[892, 87, 1020, 267];[889, 87, 1017, 267];[888, 88, 1015, 267];[884, 90, 1014, 269];[883, 89, 1012, 270];[880, 88, 1010, 270];[877, 89, 1008, 271];[875, 89, 1005, 270];[872, 92, 1001, 270];[870, 92, 1000, 271];[868, 92, 998, 270];[867, 92, 995, 270];[866, 91, 994, 270];[863, 92, 991, 270];[861, 91, 990, 270];[859, 93, 987, 270];[859, 93, 986, 270];[859, 92, 985, 269];[859, 92, 985, 270];[858, 92, 985, 270];[858, 92, 984, 270];[858, 92, 985, 270];[858, 92, 985, 271];[859, 93, 986, 271];[859, 93, 986, 272];[860, 94, 987, 272];[860, 94, 987, 272];[860, 95, 988, 271];[860, 94, 988, 271];[861, 95, 988, 275];[861, 96, 988, 274];[861, 96, 988, 274];[861, 97, 988, 276];[863, 97, 989, 277];[863, 97, 991, 278];[864, 97, 992, 279]",2.038,97,279,864,992,-1.0207672119140625,13.33880615234375,-8.043792724609375,15.60987881654438,0.0,15.352500915527344,3.5804214477539062,-9.055099487304688,18.1800310458973,19.087501737632792,16.383652,-1.8640594,10.097411,5.7685685,13.756149,3.032318,7.6798167,3.6699846,0.7631378,-9.0550995,-3.710205,2.465053,18.1800310458973,12.385952087519629,14.992650615900256,1.6568198176677338,20.72493641838695,0.11167569369681576,12.778459612346039,5.429118172099007
Happy/2s,Boebert_Humiliated_Over_Public_Urination_Fixation_Trump_Wants_to_Bomb_Mexico_A_Closer_Look13_0.mp4,129,316,831,959,"[831, 129, 959, 316];[828, 134, 959, 322];[828, 136, 957, 329];[825, 141, 955, 334];[823, 142, 955, 337];[823, 143, 955, 333];[823, 139, 953, 332];[825, 139, 952, 330];[824, 137, 952, 328];[824, 135, 951, 325];[825, 136, 951, 322];[823, 128, 951, 320];[824, 127, 951, 315];[823, 124, 953, 315];[822, 122, 951, 313];[822, 123, 949, 312];[820, 120, 948, 306];[818, 120, 947, 305];[817, 116, 945, 302];[816, 114, 944, 301];[814, 114, 943, 300];[814, 113, 942, 300];[813, 112, 939, 300];[812, 111, 939, 301];[812, 113, 939, 301];[811, 113, 938, 302];[812, 114, 938, 306];[810, 115, 937, 310];[810, 117, 937, 312];[806, 123, 935, 319];[807, 129, 935, 320];[805, 133, 935, 325];[805, 135, 935, 326];[804, 134, 934, 324];[804, 132, 933, 320];[803, 130, 932, 318];[803, 131, 932, 317];[803, 131, 931, 317];[803, 130, 931, 317];[802, 130, 931, 317];[802, 132, 931, 318];[802, 132, 931, 317];[801, 131, 931, 318];[801, 131, 931, 319];[802, 131, 931, 319];[801, 131, 931, 317];[801, 132, 931, 318];[801, 132, 931, 317]",1.646,132,317,801,931,-4.100990295410156,-4.149253845214844,-1.994537353515625,6.1654365725103,0.0,2.5902557373046875,-6.376312255859375,-2.2558135986328125,7.242615395051641,7.0569701650926095,6.304138,-8.808487,0.50337666,4.30225,-1.4937057,-7.6073914,-4.8035283,1.6199701,4.5977173,-4.8682556,-1.1329316,2.3359404,10.766422994340068,2.773737708412664,6.906209978204102,1.8722575075598242,11.663539845885715,0.434694064661172,5.517701900931643,2.679325309893862
Happy/2s,Lindsey_Graham_Begs_Fox_Viewers_to_Give_Trump_Money_MTG_Calls_NYC_Repulsive_A_Closer_Look11_19.mp4,134,319,845,972,"[845, 134, 972, 319];[841, 136, 968, 318];[837, 134, 966, 317];[831, 135, 963, 317];[828, 137, 957, 317];[822, 145, 953, 318];[821, 144, 951, 322];[820, 146, 951, 330];[823, 148, 952, 333];[823, 147, 953, 335];[824, 148, 953, 334];[824, 148, 953, 332];[824, 148, 953, 331];[824, 147, 952, 330];[824, 148, 952, 330];[825, 148, 952, 330];[825, 148, 954, 328];[826, 149, 954, 329];[825, 149, 954, 329];[824, 150, 954, 330];[823, 149, 955, 332];[824, 151, 954, 332];[824, 150, 955, 332];[824, 150, 954, 331];[825, 150, 954, 331];[825, 152, 952, 334];[825, 151, 952, 336];[826, 150, 952, 337];[826, 150, 953, 336];[827, 148, 956, 331];[827, 149, 957, 330];[828, 148, 959, 329];[829, 149, 958, 329];[831, 148, 962, 328];[833, 149, 961, 325];[835, 150, 962, 323];[837, 149, 964, 324];[838, 150, 964, 326];[840, 150, 966, 328];[838, 148, 969, 332];[839, 149, 966, 332];[838, 149, 968, 332];[839, 148, 966, 329];[839, 147, 966, 327];[839, 148, 966, 326];[838, 150, 965, 326];[837, 149, 965, 325];[835, 146, 965, 325]",1.646,146,325,835,965,-3.75640869140625,-2.50115966796875,2.5780563354492188,5.197382072764693,0.0,7.329139709472656,7.5138397216796875,-4.328826904296875,11.353978096307253,16.458877003318694,12.585068,-3.7564087,4.5421643,3.4069827,7.5138397,-6.209976,-0.657949,3.809227,3.2649078,-4.328827,-1.0533653,1.6387722,13.285539809912418,0.9795524443973253,6.581446377344442,2.767962222659892,16.966196301495454,0.779916188944897,7.827359747436352,3.829822938435347
Happy/2s,Biden_Orders_UFOs_Shot_Down_MTG_Says_Spy_Balloon_Couldve_Been_a_Nuke_A_Closer_Look3_6.mp4,132,314,782,909,"[782, 132, 909, 314];[782, 132, 910, 314];[782, 132, 910, 314];[782, 132, 910, 311];[781, 135, 909, 311];[780, 133, 910, 309];[779, 133, 909, 310];[780, 134, 910, 312];[779, 134, 909, 311];[780, 134, 911, 312];[778, 132, 912, 317];[779, 131, 913, 325];[776, 129, 913, 327];[776, 131, 914, 329];[776, 131, 915, 329];[777, 131, 916, 328];[777, 130, 916, 329];[778, 130, 916, 330];[781, 129, 917, 328];[781, 130, 915, 321];[781, 131, 913, 317];[783, 133, 913, 314];[783, 135, 913, 313];[783, 135, 913, 315];[783, 137, 913, 314];[783, 139, 914, 315];[783, 141, 914, 317];[785, 142, 915, 319];[785, 143, 915, 321];[787, 141, 913, 318];[785, 142, 914, 321];[784, 141, 915, 319];[785, 139, 914, 317];[785, 137, 914, 316];[785, 136, 914, 316]",1.202,136,316,785,914,7.89947509765625,-10.650733947753906,-0.00743865966796875,13.260463633598427,0.0,10.276992797851562,-12.585922241210938,-2.8468093872070312,16.496252402166714,4.178465061991167,11.0551605,6.695137,9.022745,1.1228482,-10.320465,-17.06324,-14.242763,1.9563223,2.2826996,-5.8839417,-1.9277428,2.1791759,20.412506778276583,13.260463633598427,17.149366979009,1.9283201958267473,12.523471704067541,0.930296706833515,7.255394986233396,2.7627040497353916
Happy/2s,Unhinged_House_GOP_Wants_to_Impeach_Biden_Claims_Left_Is_Canceling_Cowboys_A_Closer_Look16_5.mp4,123,303,828,956,"[828, 123, 956, 303];[827, 123, 956, 303];[827, 124, 955, 303];[826, 125, 954, 303];[824, 125, 954, 304];[824, 124, 953, 308];[823, 126, 954, 311];[822, 129, 951, 312];[820, 130, 949, 315];[818, 128, 949, 316];[816, 126, 947, 313];[813, 123, 946, 308];[812, 121, 942, 304];[811, 118, 939, 303];[809, 117, 937, 302];[806, 114, 935, 299];[803, 113, 935, 299];[801, 112, 934, 297];[800, 112, 933, 298];[801, 114, 932, 301];[801, 117, 933, 303];[799, 121, 931, 304];[801, 125, 931, 305];[800, 126, 930, 308];[800, 126, 930, 310];[800, 126, 930, 311];[800, 126, 930, 311];[800, 126, 930, 309];[799, 125, 930, 310];[799, 126, 929, 309];[799, 125, 931, 312];[799, 125, 930, 312];[799, 125, 930, 310];[799, 126, 930, 312];[800, 124, 931, 312];[801, 125, 931, 311];[801, 125, 931, 311];[801, 124, 932, 311];[801, 123, 933, 310];[802, 123, 933, 308];[802, 123, 934, 308];[803, 124, 934, 306];[803, 123, 934, 306];[803, 124, 934, 307];[804, 124, 933, 305]",1.542,124,305,804,933,5.27069091796875,-7.336509704589844,2.7712249755859375,9.4490340915678,0.0,5.6427001953125,-7.3249664306640625,-0.0743408203125,9.246660222053142,2.869802928493497,7.2407,4.341591,6.0640626,0.56261665,-6.074089,-9.274261,-7.7517824,0.7229839,4.2185974,-2.3791122,0.68835026,1.9915982,11.424039486457495,8.595230572264668,10.081129037991438,0.7164835166771277,8.199495232547271,0.41185904576231686,4.675692707186053,2.040811554923239
Happy/2s,Fox_Hosts_Scared_They_Could_Be_Fired_After_Tucker_Paranoid_About_Snitches_A_Closer_Look6_8.mp4,110,284,788,908,"[788, 110, 908, 284];[787, 109, 908, 284];[787, 110, 910, 284];[788, 112, 911, 286];[789, 112, 912, 286];[791, 112, 914, 288];[792, 110, 916, 287];[794, 113, 918, 285];[795, 114, 920, 284];[798, 112, 920, 286];[799, 112, 920, 287];[800, 113, 921, 288];[802, 114, 922, 288];[803, 112, 923, 288];[804, 113, 925, 292];[807, 117, 926, 295];[806, 121, 927, 297];[807, 122, 928, 302];[806, 121, 926, 299];[806, 117, 926, 295];[805, 113, 927, 292];[803, 112, 926, 290];[802, 111, 925, 291];[802, 112, 925, 288];[801, 112, 925, 288];[800, 111, 925, 287];[802, 111, 924, 285];[801, 112, 924, 295];[801, 111, 925, 297];[800, 114, 925, 301];[800, 119, 923, 306];[798, 121, 922, 314];[794, 126, 921, 318];[794, 128, 920, 320];[794, 126, 920, 318];[795, 123, 919, 311];[796, 121, 918, 305];[796, 115, 919, 301];[797, 113, 919, 300];[796, 113, 921, 295];[795, 111, 921, 291];[795, 111, 922, 288];[795, 111, 922, 288];[797, 110, 922, 288];[797, 110, 923, 287];[797, 109, 923, 287];[798, 109, 924, 287];[800, 109, 925, 285];[801, 107, 926, 285];[799, 108, 926, 284];[800, 107, 925, 284]",1.725,107,284,800,925,4.9092254638671875,-0.377349853515625,-0.3519744873046875,4.936271224998041,0.0,3.834259033203125,0.2770538330078125,-0.3987579345703125,3.8648815053591057,1.2593592429994531,5.7171936,-7.9895477,0.84878105,4.529442,3.0791779,-2.4151611,0.6328092,1.2914047,0.43004608,-7.619652,-2.5404522,1.9086114,10.181029376309766,1.4291786218673441,5.390080773626313,2.0852258650515707,14.273978525105548,0.7133706598732148,5.44726149693982,3.232473801895848
Happy/2s,Fox_Hosts_Scared_They_Could_Be_Fired_After_Tucker_Paranoid_About_Snitches_A_Closer_Look25_5.mp4,122,309,814,942,"[814, 122, 942, 309];[814, 123, 942, 308];[814, 122, 942, 308];[815, 123, 942, 307];[814, 122, 943, 307];[815, 122, 943, 306];[815, 122, 944, 305];[815, 122, 943, 306];[816, 123, 944, 306];[816, 124, 944, 304];[816, 123, 945, 305];[817, 123, 945, 303];[816, 122, 944, 303];[816, 122, 945, 303];[817, 121, 945, 302];[817, 120, 946, 303];[819, 119, 947, 303];[820, 116, 947, 305];[820, 116, 947, 304];[820, 116, 947, 304];[821, 118, 947, 302];[821, 120, 949, 300];[822, 122, 949, 302];[822, 122, 949, 305];[824, 123, 952, 307];[824, 124, 951, 306];[824, 127, 951, 305];[823, 128, 948, 304];[821, 127, 947, 303];[821, 127, 946, 304];[819, 127, 946, 306];[818, 127, 945, 306];[818, 127, 945, 307];[818, 127, 946, 308];[819, 126, 946, 307];[820, 126, 947, 308];[821, 126, 947, 306];[822, 126, 948, 307];[822, 126, 948, 306];[823, 125, 949, 305];[824, 124, 951, 305];[825, 124, 951, 303]",1.437,124,303,825,951,14.190513610839844,-9.33319091796875,-1.5349960327148438,17.053895216962474,0.0,-0.07125091552734375,8.673912048339844,-0.9528350830078125,8.72638078533759,22.978089477068128,14.190514,-0.08798218,8.173861,5.1307106,8.99334,-9.879593,-1.1228211,7.400296,2.81221,-3.841919,-0.7960318,1.351807,17.17254534756945,5.793996793766417,11.755741389886417,3.6639992696525967,23.27439548687373,0.16103880209725466,9.627435869243147,7.095779094394011
Happy/2s,Stunning_Texts_Reveal_What_Fox_Hosts_Really_Thought_About_Trumps_Presidency_A_Closer_Look14_1.mp4,137,313,864,991,"[864, 137, 991, 313];[864, 137, 991, 314];[865, 135, 993, 312];[865, 135, 993, 313];[866, 134, 994, 313];[866, 133, 994, 312];[865, 135, 990, 310];[865, 135, 990, 310];[865, 136, 989, 310];[865, 133, 994, 311];[865, 134, 993, 311];[864, 135, 994, 311];[863, 135, 993, 312];[863, 136, 993, 312];[863, 135, 993, 312];[863, 134, 993, 311];[863, 134, 993, 310];[863, 133, 993, 310];[863, 134, 992, 310];[863, 133, 992, 310];[863, 134, 992, 311];[863, 133, 992, 311];[864, 133, 992, 311];[863, 133, 992, 310];[863, 133, 992, 311];[863, 133, 992, 312];[863, 133, 992, 313];[862, 134, 991, 314];[862, 134, 991, 313];[862, 134, 991, 313];[862, 134, 991, 313];[862, 133, 991, 312];[862, 133, 991, 312];[862, 133, 992, 312];[861, 133, 993, 310];[861, 132, 991, 310];[862, 132, 991, 311];[861, 132, 992, 311];[861, 132, 992, 310];[861, 132, 992, 310];[861, 132, 992, 310];[861, 132, 992, 311];[861, 133, 992, 312];[861, 132, 991, 312];[861, 133, 991, 312];[861, 132, 992, 312];[861, 132, 991, 311];[861, 132, 991, 311];[861, 131, 991, 312];[860, 132, 990, 312];[860, 130, 991, 312];[860, 130, 990, 313];[860, 130, 989, 314]",1.777,130,314,860,989,7.749114990234375,15.370262145996094,-4.7701263427734375,17.86191050516536,0.0,10.057769775390625,13.062675476074219,-3.7248001098632812,16.901667352851007,3.427469925387547,10.05777,5.0639954,7.0177174,1.0758927,15.636406,13.062675,14.585621,0.6377705,-2.7123184,-6.9019547,-4.4759474,0.7818643,17.90865157535186,15.596645481705618,16.846320753752824,0.6324040392725533,10.725337696930511,0.4104062138262876,5.076822469551002,3.4369327543847903
Happy/2s,DeSantis_and_GOP_Blame_Wokeness_for_Bank_Crisis_After_Gutting_DoddFrank_A_Closer_Look9_16.mp4,109,286,834,964,"[834, 109, 964, 286];[834, 109, 964, 287];[832, 108, 962, 289];[833, 108, 962, 289];[833, 108, 962, 289];[833, 108, 962, 288];[834, 109, 964, 289];[835, 109, 964, 288];[835, 109, 965, 287];[835, 108, 965, 288];[835, 108, 965, 287];[835, 109, 965, 287];[835, 109, 965, 287];[835, 108, 965, 287];[835, 108, 965, 288];[835, 108, 965, 288];[834, 108, 965, 288];[835, 108, 965, 288];[835, 109, 965, 286];[834, 108, 965, 287];[835, 108, 965, 286];[834, 109, 964, 286];[834, 109, 964, 286];[833, 109, 964, 286];[833, 108, 962, 288];[833, 107, 961, 289];[835, 109, 964, 288];[836, 109, 964, 289];[836, 109, 964, 288];[834, 107, 963, 288];[834, 107, 963, 288];[834, 108, 963, 289];[834, 107, 963, 289];[834, 108, 963, 289];[834, 107, 963, 289];[835, 107, 964, 289];[835, 108, 964, 289];[836, 109, 965, 290];[836, 108, 965, 293];[836, 108, 965, 293];[835, 108, 963, 295];[839, 110, 965, 292];[840, 107, 967, 293];[842, 104, 968, 291];[841, 93, 970, 285];[840, 89, 968, 279];[835, 86, 966, 272]",1.569,86,272,835,966,10.238311767578125,4.4515533447265625,-11.031387329101562,15.694931074577468,0.0,0.9588165283203125,4.041938781738281,-3.9079360961914062,5.703381697047453,11.705570189156516,11.768692,0.9588165,9.830409,2.5512438,6.2776184,3.3729553,4.439688,0.65473056,-3.907936,-13.742615,-10.988408,1.4884049,18.201784778865438,5.703381697047453,15.543504240491249,2.15528341306991,17.429628626174114,0.3316215539982192,8.445600463364396,6.902993908668937
Happy/2s,Trump_Turns_on_Fox_and_Murdoch_Amid_Fallout_from_Shocking_Dominion_Lawsuit_A_Closer_Look19_17.mp4,95,274,816,945,"[816, 95, 945, 274];[815, 96, 944, 274];[814, 96, 943, 275];[813, 96, 942, 275];[812, 94, 939, 274];[811, 95, 940, 273];[811, 95, 940, 276];[812, 96, 940, 279];[812, 96, 944, 280];[814, 97, 945, 276];[814, 96, 945, 269];[815, 94, 946, 265];[817, 93, 948, 264];[820, 94, 948, 265];[822, 92, 951, 271];[824, 93, 951, 269];[824, 94, 950, 269];[825, 95, 950, 269];[824, 95, 949, 268];[823, 94, 948, 267];[822, 93, 948, 267];[821, 93, 947, 267];[822, 93, 947, 268];[822, 92, 947, 267];[822, 92, 947, 267];[823, 92, 948, 268];[824, 92, 950, 268];[824, 90, 950, 271];[825, 89, 952, 273];[824, 88, 953, 277];[824, 86, 954, 273];[825, 85, 954, 272];[826, 85, 957, 269];[826, 85, 956, 265];[826, 86, 955, 265];[826, 86, 954, 265];[826, 87, 954, 265];[826, 86, 954, 267];[826, 86, 955, 271];[826, 85, 953, 270];[826, 86, 954, 266];[826, 86, 954, 265];[828, 85, 955, 264];[829, 85, 956, 264];[830, 85, 957, 267];[832, 86, 957, 267];[832, 87, 957, 267];[833, 89, 956, 267];[834, 89, 957, 266];[834, 88, 958, 266];[834, 91, 959, 264];[836, 92, 958, 264];[839, 92, 961, 263];[843, 88, 966, 263]",1.829,88,263,843,966,16.98589324951172,-18.456924438476562,-9.168479919433594,26.706547010882897,0.0,4.3593597412109375,6.825325012207031,-4.842277526855469,9.435927645051075,28.5891152864929,18.246391,-5.3695526,2.9693973,7.2369123,6.825325,-18.949448,-13.29423,6.0296254,1.7795715,-11.344406,-3.8115222,4.0788074,27.743845771344272,3.948460749287273,16.27798664744079,6.361971227736269,28.5891152864929,0.24801269665608935,12.2963877154587,8.6986224660944
Happy/2s,Trump_Freaks_Out_over_Criminal_Probes_Calls_Special_Counsel_a_Terrorist_A_Closer_Look26_0.mp4,84,266,807,931,"[807, 84, 931, 266];[806, 98, 929, 279];[804, 101, 927, 283];[805, 96, 928, 275];[803, 84, 925, 262];[802, 76, 927, 256];[801, 69, 926, 246];[803, 66, 928, 242];[807, 65, 931, 243];[808, 72, 931, 253];[808, 78, 932, 263];[808, 92, 933, 282];[806, 102, 932, 294];[808, 104, 933, 297];[802, 103, 928, 292];[801, 98, 925, 284];[798, 94, 925, 273];[799, 89, 925, 267];[800, 88, 926, 264];[801, 87, 927, 264];[802, 88, 928, 266];[802, 87, 928, 265];[803, 85, 929, 263];[803, 83, 930, 263];[804, 82, 930, 263];[804, 82, 930, 264];[804, 83, 930, 265];[804, 83, 930, 266];[805, 84, 930, 265];[805, 84, 930, 265];[805, 83, 930, 265];[805, 82, 931, 264];[805, 82, 931, 264];[805, 82, 931, 264];[805, 82, 931, 264];[805, 82, 931, 264];[805, 82, 931, 264];[805, 82, 931, 264];[805, 83, 931, 264];[804, 83, 931, 264];[804, 83, 931, 264];[803, 84, 930, 264];[803, 84, 929, 265];[802, 85, 929, 265];[802, 85, 928, 265];[802, 86, 928, 265];[804, 86, 929, 266];[803, 86, 929, 266];[804, 87, 929, 266];[805, 87, 929, 265];[805, 87, 930, 265];[805, 86, 931, 266];[806, 85, 932, 267];[807, 88, 933, 268];[807, 88, 933, 269];[806, 91, 934, 272];[806, 92, 934, 273];[807, 92, 935, 278];[808, 91, 937, 280];[810, 94, 938, 281]",2.038,94,281,810,938,1.8323593139648438,2.6087799072265625,5.7999114990234375,6.618326575224816,0.0,3.7307510375976562,6.174072265625,-0.2501068115234375,7.218048563349115,7.274470585215416,4.4725647,-0.7895355,1.5531162,1.1558344,6.1740723,0.32460022,2.4140406,1.2469672,5.7999115,-0.6441879,3.0857663,1.4057766,7.52330128787528,1.3876152375783575,4.524412853702631,1.4691814809222774,7.274470585215416,0.8317038115706674,3.4593434756370884,1.3952850797955383
Happy/2s,Fox_Hosts_Scared_They_Could_Be_Fired_After_Tucker_Paranoid_About_Snitches_A_Closer_Look6_11.mp4,125,303,818,943,"[818, 125, 943, 303];[818, 127, 943, 307];[817, 128, 941, 311];[817, 131, 941, 315];[816, 133, 938, 318];[815, 136, 937, 318];[815, 137, 937, 317];[815, 139, 936, 318];[815, 140, 936, 318];[815, 138, 936, 316];[816, 135, 940, 315];[818, 133, 942, 312];[821, 133, 944, 315];[822, 130, 945, 312];[823, 127, 949, 310];[825, 123, 951, 304];[825, 117, 951, 301];[825, 116, 951, 300];[824, 114, 949, 299];[821, 114, 950, 301];[817, 115, 943, 306];[815, 116, 941, 309];[811, 119, 940, 318];[811, 127, 940, 328];[812, 129, 938, 330];[813, 134, 936, 323];[811, 132, 938, 319];[813, 133, 941, 316];[814, 134, 936, 312];[814, 134, 936, 311];[814, 133, 936, 313];[813, 132, 937, 313];[814, 131, 937, 315];[813, 131, 937, 314];[813, 131, 937, 314];[812, 131, 936, 314];[813, 133, 936, 314];[814, 135, 936, 315];[814, 134, 938, 316];[815, 134, 938, 320];[815, 133, 940, 318];[815, 131, 940, 315];[816, 131, 944, 313];[817, 131, 943, 312];[817, 131, 943, 311];[818, 131, 943, 311];[819, 128, 945, 312];[819, 126, 945, 309];[818, 122, 944, 305];[816, 119, 944, 304];[815, 117, 944, 304];[816, 122, 942, 304];[813, 127, 938, 314];[813, 133, 936, 322];[812, 137, 936, 330];[812, 141, 937, 337];[814, 144, 937, 337];[813, 145, 937, 338];[813, 144, 937, 335];[812, 142, 938, 334]",2.038,142,334,812,938,4.8502197265625,3.175689697265625,0.1027679443359375,5.798292653845448,0.0,2.797821044921875,0.8984527587890625,-1.7150421142578125,3.4024093540991385,3.5640681575254556,4.8502197,-1.6218567,1.9403844,1.303396,7.2264633,0.89845276,4.351496,1.229121,11.679169,-7.0477524,1.4052544,4.609727,12.666925585498754,3.282660992909945,6.765351803927479,1.8342651148021711,12.125775277792078,1.4370176924880436,5.254115068578362,2.238944210612586
Happy/2s,Boebert_Humiliated_Over_Public_Urination_Fixation_Trump_Wants_to_Bomb_Mexico_A_Closer_Look12_12.mp4,135,334,782,915,"[782, 135, 915, 334];[782, 139, 916, 333];[783, 140, 916, 329];[784, 136, 916, 326];[785, 136, 915, 323];[786, 137, 915, 324];[788, 140, 916, 326];[788, 141, 916, 325];[788, 137, 916, 320];[789, 134, 917, 319];[789, 138, 917, 322];[788, 141, 917, 330];[788, 143, 919, 335];[788, 142, 919, 335];[789, 141, 918, 332];[789, 141, 917, 336];[789, 141, 918, 335];[790, 143, 917, 334];[790, 143, 917, 335];[791, 143, 918, 335];[790, 143, 918, 333];[789, 142, 919, 332];[789, 142, 918, 330];[789, 142, 917, 328];[790, 143, 917, 326];[790, 143, 917, 324];[789, 144, 917, 328];[789, 143, 917, 328];[789, 143, 917, 329];[790, 143, 918, 328];[790, 143, 918, 329];[790, 143, 919, 330];[791, 142, 920, 333];[791, 142, 922, 334];[791, 146, 920, 330];[791, 144, 919, 328];[793, 141, 919, 326];[793, 133, 920, 316];[793, 131, 921, 315];[793, 130, 922, 316];[794, 136, 919, 324];[794, 144, 920, 329];[793, 151, 921, 335];[791, 148, 921, 335];[791, 145, 921, 333];[790, 142, 918, 332];[791, 140, 916, 330];[791, 138, 917, 330];[791, 140, 917, 329];[791, 143, 917, 329];[790, 141, 919, 335]",1.725,141,335,790,919,3.76153564453125,-11.275108337402344,-12.836517333984375,17.494381832203167,0.0,8.487289428710938,-6.32537841796875,-12.400222778320312,16.303681146575066,6.857326595935681,10.613602,1.0401001,4.3923554,2.6483376,-0.7137451,-11.343269,-5.478719,2.6201866,-8.03363,-16.859802,-11.9502535,2.032365,19.988050584845567,9.173222945412615,14.272858533958068,2.5323595101903447,19.91447109573816,0.5051354679037163,9.886879728100151,4.048079435638151
Happy/2s,Criminal_Charges_in_Trump_Election_Case_Could_Be_Imminent_Atlanta_DA_Says_A_Closer_Look2_11.mp4,156,339,818,947,"[818, 156, 947, 339];[817, 155, 947, 338];[817, 155, 947, 339];[817, 156, 946, 340];[818, 156, 946, 341];[818, 157, 946, 342];[818, 157, 946, 342];[818, 155, 946, 343];[818, 156, 946, 344];[818, 157, 946, 343];[817, 155, 945, 343];[816, 156, 944, 342];[816, 155, 944, 341];[815, 155, 945, 339];[815, 155, 945, 338];[815, 154, 945, 335];[814, 153, 945, 336];[812, 153, 944, 337];[811, 155, 942, 337];[809, 153, 939, 339];[807, 154, 939, 340];[805, 155, 936, 339];[804, 155, 934, 339];[801, 155, 932, 337];[800, 155, 931, 337];[799, 155, 929, 335];[798, 153, 928, 337];[798, 153, 927, 337];[797, 154, 927, 336];[797, 154, 926, 336];[797, 155, 926, 336];[797, 155, 925, 337];[796, 155, 925, 339];[797, 155, 925, 339];[797, 155, 925, 340];[797, 156, 925, 339];[797, 156, 925, 339];[797, 156, 925, 339];[797, 156, 925, 338]",1.333,156,338,797,925,-5.279777526855469,-2.0142669677734375,-4.937255859375,7.503986778472096,0.0,5.73388671875,-4.836395263671875,-3.5267257690429688,8.288906483967418,11.45664887168892,5.7338867,-5.2797775,-0.3257157,4.303587,0.82637787,-5.2079086,-2.664597,1.7810421,-2.7991943,-7.047104,-4.369283,1.1519737,8.737362218993491,4.106756457653074,6.9173603317840975,1.211174569834203,11.45664887168892,0.827364477074072,5.932259790009212,3.0086490484292225
Happy/2s,Trump_Calls_to_Defund_FBI_and_DOJ_After_Arrest_GOP_Wants_to_Prosecute_Biden_A_Closer_Look2_6.mp4,140,333,873,1004,"[873, 140, 1004, 333];[874, 143, 1001, 329];[872, 141, 1003, 331];[873, 144, 1003, 333];[873, 147, 1001, 335];[871, 147, 1003, 335];[872, 149, 1002, 336];[873, 152, 1000, 336];[873, 151, 1001, 340];[874, 151, 1002, 342];[876, 151, 1003, 344];[877, 150, 1004, 341];[882, 149, 1012, 339];[887, 153, 1018, 339];[893, 155, 1019, 335];[900, 154, 1026, 333];[900, 148, 1032, 333];[900, 146, 1034, 336];[902, 147, 1034, 340];[902, 144, 1035, 337];[900, 142, 1036, 336];[897, 141, 1034, 335];[896, 141, 1031, 331];[895, 145, 1025, 329];[891, 145, 1022, 330];[888, 144, 1020, 336];[882, 137, 1019, 336];[880, 139, 1016, 338];[880, 141, 1013, 337];[876, 143, 1010, 336];[873, 144, 1008, 337];[870, 146, 1004, 338];[868, 146, 1003, 337];[866, 146, 1001, 336];[866, 144, 1000, 335];[865, 143, 1000, 334];[865, 143, 1001, 334];[866, 144, 1001, 333];[867, 147, 1001, 334];[869, 148, 1003, 335];[872, 148, 1004, 334];[875, 149, 1005, 335]",1.437,149,335,875,1005,-4.197509765625,9.51904296875,-9.406845092773438,14.025690780594793,0.0,-5.02276611328125,10.447860717773438,-11.720878601074219,16.48529551411922,2.6264998625141254,-3.376358,-8.932907,-5.827208,1.3180859,12.631851,8.163864,10.207258,1.0997721,-8.193428,-12.454071,-10.736331,1.0369595,19.358712386729373,12.845378729226882,15.984962406385499,1.3843246809146585,14.669563068712028,0.4417966157223542,7.594423586964131,4.875741040176678
Happy/2s,Trump_Turns_on_Fox_and_Murdoch_Amid_Fallout_from_Shocking_Dominion_Lawsuit_A_Closer_Look19_18.mp4,86,263,841,969,"[841, 86, 969, 263];[846, 90, 969, 264];[852, 89, 977, 264];[853, 86, 982, 264];[857, 92, 984, 264];[856, 87, 989, 267];[860, 93, 989, 268];[857, 88, 991, 267];[858, 88, 992, 266];[859, 88, 992, 265];[859, 88, 992, 265];[860, 89, 992, 265];[861, 89, 993, 267];[862, 90, 993, 267];[862, 90, 994, 266];[862, 90, 994, 266];[862, 89, 995, 266];[862, 89, 994, 266];[861, 91, 991, 267];[861, 91, 989, 266];[861, 91, 988, 267];[861, 89, 988, 269];[860, 91, 988, 269];[860, 91, 987, 269];[860, 92, 987, 267];[860, 92, 987, 267];[859, 92, 987, 266];[859, 92, 987, 266];[859, 92, 987, 266];[859, 92, 987, 266];[858, 92, 987, 267];[859, 92, 987, 267];[859, 92, 987, 268];[858, 92, 987, 270];[858, 92, 986, 270]",1.202,92,270,858,986,4.3659515380859375,9.868972778320312,-3.7865066528320312,11.436598671112122,0.0,0.2539215087890625,14.720016479492188,-6.5872039794921875,16.12868926963952,6.948764024492408,4.3659515,-10.641327,-4.1877446,3.6165624,18.93509,9.868973,16.881252,2.0387726,-3.7865067,-13.035065,-9.327336,2.3680747,24.5054966521571,11.436598671112122,20.037124121162087,3.2970536664643264,18.763161336186386,4.831038377999429,11.716359242619609,3.800978697095053
Happy/2s,Grand_Jury_Hears_from_Key_Witness_in_Trump_Case_Trump_Rips_DeSantis_on_Fox_A_Closer_Look24_0.mp4,137,314,822,945,"[822, 137, 945, 314];[822, 137, 945, 314];[822, 137, 945, 313];[823, 135, 945, 312];[823, 136, 945, 312];[824, 137, 945, 311];[825, 135, 945, 307];[826, 131, 946, 305];[827, 129, 949, 303];[827, 128, 949, 300];[827, 128, 949, 300];[826, 126, 949, 301];[827, 126, 949, 302];[826, 125, 949, 302];[826, 126, 949, 302];[826, 128, 948, 302];[827, 128, 948, 303];[826, 128, 947, 307];[826, 128, 947, 306];[826, 128, 948, 306];[826, 126, 949, 306];[827, 127, 951, 306];[827, 127, 951, 304];[827, 128, 952, 303];[827, 128, 952, 304];[826, 128, 952, 304];[827, 129, 951, 304];[825, 128, 949, 306];[824, 128, 948, 305];[824, 129, 948, 306];[823, 128, 948, 306];[823, 129, 947, 306];[823, 129, 947, 307];[824, 132, 947, 307];[825, 132, 950, 308];[825, 130, 951, 310];[825, 131, 952, 310];[826, 131, 952, 311];[825, 132, 952, 311];[825, 131, 950, 313];[825, 134, 949, 312];[823, 132, 948, 314];[825, 135, 949, 313];[824, 133, 948, 314];[825, 135, 949, 313];[825, 135, 949, 313];[825, 135, 949, 313];[825, 135, 949, 313];[823, 133, 948, 315];[826, 138, 949, 313];[824, 134, 951, 313];[827, 138, 950, 312];[827, 136, 952, 313];[828, 137, 952, 312];[828, 137, 952, 312];[826, 135, 952, 314];[827, 135, 951, 313];[825, 132, 953, 312];[824, 131, 951, 312];[823, 131, 949, 311]",2.038,131,311,823,949,8.961349487304688,6.6633453369140625,-4.2622222900390625,11.952928283993684,0.0,6.404205322265625,9.013343811035156,-6.9597320556640625,13.06491801552153,4.3975036150988025,9.11911,0.46200562,4.4895444,2.1249835,10.178314,5.669632,8.591903,1.0055724,0.58696747,-7.9290085,-4.468278,2.0525863,13.06491801552153,7.918326316325057,11.052272628310993,1.2367004102485386,10.114445048103104,0.2422959960479191,6.1409546395718575,1.9516943794180377
Happy/2s,GOP_Blames_Ohio_Train_Crisis_on_Culture_Wars_MTG_Says_Wind_Farms_Kill_Whales_A_Closer_Look26_6.mp4,158,340,871,999,"[871, 158, 999, 340];[871, 158, 999, 342];[871, 159, 999, 342];[871, 159, 999, 342];[871, 159, 1000, 342];[872, 159, 1001, 343];[875, 158, 1004, 344];[877, 159, 1005, 344];[879, 159, 1008, 343];[880, 159, 1009, 343];[880, 161, 1010, 344];[884, 162, 1013, 342];[884, 164, 1014, 343];[886, 164, 1018, 343];[888, 164, 1018, 344];[887, 164, 1018, 346];[888, 164, 1017, 344];[887, 164, 1016, 342];[885, 164, 1014, 342];[881, 162, 1012, 344];[878, 162, 1009, 344];[874, 163, 1004, 345];[873, 163, 1001, 343];[871, 163, 999, 344];[871, 164, 999, 343];[870, 163, 998, 345];[871, 164, 998, 345];[871, 163, 999, 344];[871, 163, 998, 344];[871, 163, 998, 344];[871, 163, 998, 343];[871, 163, 998, 344];[870, 163, 998, 345];[870, 163, 998, 344];[870, 162, 998, 343];[870, 162, 998, 343];[871, 161, 998, 343];[871, 161, 997, 345];[870, 162, 997, 347];[870, 161, 997, 348];[871, 162, 998, 347];[872, 163, 998, 346];[873, 163, 999, 346];[873, 164, 999, 346];[873, 165, 1000, 347];[873, 165, 1000, 348];[873, 164, 1001, 351]",1.569,164,351,873,1001,0.624969482421875,8.990447998046875,-7.7844390869140625,11.908662139695592,0.0,-4.274757385253906,10.377433776855469,-10.128005981445312,15.117578763016107,5.6056541739197625,6.8502045,-9.563599,-0.51956,3.8323126,11.817444,8.380432,9.899279,0.67177147,-7.784439,-13.364746,-10.757081,1.3331429,18.546012573488625,11.908662139695592,15.128682971308354,1.420768557333316,15.342320755979582,1.6316483818304304,8.131335903389493,3.861548683608175
Happy/2s,Trump_Indicted_Arrives_in_New_York_to_Face_Arrest_Fox_and_GOP_in_Hysterics_A_Closer_Look15_12.mp4,81,267,835,964,"[835, 81, 964, 267];[835, 80, 963, 265];[834, 80, 963, 265];[834, 80, 963, 265];[834, 80, 962, 265];[833, 81, 963, 267];[834, 81, 963, 270];[836, 80, 963, 267];[834, 79, 963, 269];[837, 80, 964, 263];[837, 79, 964, 266];[839, 78, 964, 261];[840, 76, 965, 261];[840, 76, 965, 261];[840, 78, 964, 263];[839, 78, 964, 262];[837, 78, 964, 261];[837, 76, 963, 262];[837, 77, 963, 263];[835, 77, 961, 262];[834, 78, 961, 263];[833, 79, 961, 263];[833, 79, 961, 265];[833, 78, 960, 264];[833, 78, 960, 264];[833, 78, 960, 264];[832, 78, 959, 264];[833, 80, 959, 264];[832, 79, 961, 263];[832, 79, 961, 262];[832, 79, 961, 262];[832, 79, 960, 261];[833, 79, 960, 261];[833, 79, 960, 262];[833, 80, 961, 261];[833, 79, 962, 260];[833, 79, 962, 260];[834, 80, 960, 259];[834, 77, 962, 260];[834, 77, 962, 260];[835, 77, 962, 261];[835, 78, 960, 260];[835, 78, 961, 260];[835, 78, 963, 260];[835, 77, 962, 258];[835, 78, 962, 257];[835, 78, 962, 257];[834, 78, 962, 257];[834, 78, 962, 257];[834, 77, 963, 260];[834, 77, 961, 260];[834, 77, 961, 260];[834, 77, 963, 259];[833, 76, 963, 259];[832, 76, 962, 258];[832, 76, 961, 257];[831, 76, 961, 256];[831, 71, 959, 255];[830, 70, 958, 255]",1.986,70,255,830,958,8.866363525390625,-2.3524322509765625,0.639434814453125,9.195391048875878,0.0,5.3074951171875,1.4531402587890625,0.512786865234375,5.526669105332759,5.21190619418955,9.184387,-0.19493866,5.0278506,2.072074,1.6400757,-2.3524323,0.51940376,0.6715215,3.2949219,-1.5168152,1.1279972,0.87197894,9.276793643029325,0.9614331277895475,5.355204549343929,1.90997410799277,9.527463566694744,0.7593062656343352,5.231037014591997,1.7491055453816955
Happy/2s,Santos_and_Trump_Scandals_Keep_Getting_Worse_for_GOP_FBI_Searches_Bidens_Home_A_Closer_Look10_2.mp4,107,285,838,969,"[838, 107, 969, 285];[844, 103, 973, 283];[847, 101, 979, 284];[852, 98, 981, 281];[853, 96, 982, 280];[856, 95, 983, 277];[856, 92, 985, 276];[856, 93, 983, 276];[853, 92, 984, 276];[852, 93, 981, 275];[850, 93, 977, 271];[846, 90, 974, 269];[843, 91, 970, 270];[842, 91, 967, 267];[842, 89, 969, 266];[845, 89, 973, 267];[849, 90, 976, 267];[851, 89, 980, 268];[855, 92, 983, 271];[857, 92, 985, 271];[859, 93, 985, 270];[861, 92, 988, 268];[863, 93, 989, 270];[864, 95, 990, 272];[865, 96, 991, 272];[864, 97, 991, 274];[863, 98, 990, 275];[863, 100, 989, 278];[860, 98, 986, 278];[858, 99, 984, 279];[857, 100, 983, 277];[857, 101, 982, 278];[857, 101, 981, 278];[857, 100, 982, 278];[857, 100, 982, 280];[857, 101, 982, 279];[858, 100, 983, 278];[859, 103, 984, 281];[861, 107, 985, 283];[861, 108, 985, 282];[861, 108, 986, 282];[861, 109, 986, 281];[859, 106, 985, 281];[857, 107, 983, 282];[855, 109, 980, 285];[854, 109, 978, 286];[850, 110, 975, 288];[847, 109, 972, 290];[846, 111, 974, 294];[846, 112, 973, 296];[845, 114, 970, 297]",1.751,114,297,845,970,11.200950622558594,11.033905029296875,3.2996292114257812,16.065363611740413,0.0,1.9628143310546875,4.9821319580078125,-4.138031005859375,6.7673908968412615,13.314875476494974,17.00393,-5.47538,2.6116588,5.852287,11.033905,4.8971863,7.210868,1.3166915,8.428238,-4.138031,3.5648625,3.0493646,20.170019718608014,5.807006369800616,10.226534477829816,3.496453132394539,18.175656493593248,0.5904632372067573,8.859029677083381,4.571883858978883
Happy/2s,Prosecutors_Present_Evidence_Against_Trump_in_Stormy_Daniels_Hush_Money_Case_A_Closer_Look24_0.mp4,130,312,767,895,"[767, 130, 895, 312];[767, 130, 895, 312];[767, 131, 895, 312];[767, 131, 895, 312];[767, 131, 895, 312];[767, 131, 895, 312];[767, 131, 895, 312];[767, 131, 895, 312];[767, 130, 895, 312];[768, 130, 895, 312];[767, 130, 895, 312];[767, 130, 895, 312];[767, 130, 895, 312];[767, 130, 895, 312];[767, 130, 895, 312];[767, 131, 895, 312];[767, 131, 894, 312];[767, 131, 894, 313];[767, 132, 894, 313];[767, 133, 894, 313];[767, 133, 894, 313];[767, 133, 893, 314];[766, 133, 893, 314];[766, 133, 894, 314];[766, 133, 893, 315];[766, 135, 894, 313];[766, 135, 893, 313];[764, 135, 893, 312];[764, 136, 892, 312];[765, 136, 892, 313];[764, 135, 892, 312];[764, 135, 892, 312];[764, 135, 892, 312];[764, 135, 892, 313];[764, 135, 892, 313];[764, 136, 892, 313];[764, 136, 892, 313];[764, 136, 892, 313];[763, 137, 891, 313];[763, 137, 891, 313];[763, 134, 890, 313];[763, 135, 890, 313];[762, 137, 890, 312];[763, 134, 890, 314];[763, 134, 890, 314];[763, 134, 890, 314];[763, 134, 890, 314];[763, 134, 890, 314];[763, 134, 890, 313];[763, 134, 890, 313];[762, 136, 891, 313];[764, 134, 891, 314];[763, 133, 891, 314];[763, 133, 891, 314];[763, 133, 891, 314];[764, 133, 891, 314];[763, 133, 891, 314];[764, 133, 891, 314];[764, 134, 891, 314];[764, 134, 891, 313]",2.038,134,313,764,891,6.597381591796875,-4.814674377441406,-3.3660812377929688,8.83385737534815,0.0,8.458259582519531,-6.2429046630859375,-5.64935302734375,11.93445446701363,3.2735361171287964,8.653503,6.0094986,7.4513006,0.75063246,-4.654831,-6.5532684,-5.4773436,0.507695,-2.4406128,-6.6934357,-4.41277,1.1089641,11.999889499447763,8.191057932211463,10.280276714073212,1.1673142830002652,10.35895043709369,0.29941592936375494,5.310194552899825,3.5628452296919537
Happy/2s,Boebert_and_Hannity_Clash_Republicans_Turn_On_Trump_Amid_GOP_Speaker_Chaos_A_Closer_Look10_2.mp4,107,284,821,951,"[821, 107, 951, 284];[825, 109, 954, 282];[831, 109, 957, 280];[836, 100, 965, 279];[840, 99, 969, 281];[848, 99, 975, 273];[855, 99, 983, 272];[861, 96, 988, 271];[866, 96, 994, 273];[870, 95, 998, 273];[874, 95, 1001, 274];[878, 98, 1002, 274];[880, 97, 1005, 274];[880, 99, 1005, 272];[880, 99, 1007, 274];[883, 99, 1010, 274];[882, 101, 1010, 276];[881, 102, 1009, 277];[880, 104, 1006, 280];[876, 106, 999, 281];[872, 104, 997, 280];[868, 110, 991, 278];[862, 107, 988, 279];[857, 111, 981, 283];[854, 112, 976, 283];[851, 108, 970, 282];[845, 109, 967, 280];[842, 111, 963, 279];[839, 113, 959, 279];[836, 114, 957, 280];[834, 113, 954, 281];[832, 114, 952, 281];[831, 115, 950, 282]",1.124,115,282,831,950,-8.766036987304688,12.530120849609375,-3.0413818359375,15.591579023324737,0.0,1.7182159423828125,7.120025634765625,0.3975372314453125,7.3351937203296345,12.288810116498068,9.018265,-10.883415,-1.8862265,6.092269,15.341324,7.1200256,12.368279,2.533632,1.2120209,-6.0094986,-2.2889977,2.225865,19.158453788460655,7.3351937203296345,14.164556165670849,3.1026676363345738,18.24956876346514,0.9145682373522003,7.420972974811634,4.438768538582349
Happy/2s,Greene_Melts_Down_and_GOP_Gets_Caught_Lying_During_Bidens_State_of_the_Union_A_Closer_Look36_4.mp4,152,341,804,933,"[804, 152, 933, 341];[799, 149, 931, 338];[800, 147, 930, 331];[805, 145, 933, 329];[807, 142, 933, 326];[809, 137, 933, 322];[809, 135, 937, 318];[813, 132, 937, 313];[823, 126, 947, 308];[824, 120, 951, 309];[826, 115, 956, 304];[828, 114, 956, 301];[828, 112, 956, 302];[832, 112, 957, 302];[834, 112, 960, 304];[834, 113, 961, 306];[832, 116, 961, 313];[833, 119, 961, 311];[834, 121, 962, 312];[835, 122, 962, 311];[830, 122, 960, 313];[828, 124, 958, 314];[828, 130, 956, 312];[827, 132, 954, 316];[827, 131, 954, 320];[826, 132, 954, 322];[826, 131, 955, 320];[825, 131, 955, 321];[825, 133, 955, 321];[826, 133, 954, 322];[824, 133, 954, 326];[825, 134, 954, 325];[825, 134, 956, 324];[824, 136, 955, 326];[823, 139, 953, 326];[823, 140, 953, 324];[822, 142, 952, 325];[822, 142, 951, 324];[822, 143, 952, 325];[822, 142, 950, 325];[821, 143, 950, 326];[820, 144, 950, 328];[819, 143, 950, 329];[819, 143, 949, 331];[819, 143, 950, 331];[818, 141, 948, 329];[819, 140, 950, 328];[819, 139, 948, 328];[818, 140, 948, 326];[818, 131, 949, 323];[820, 128, 949, 313]",1.751,128,313,820,949,5.85992431640625,3.425018310546875,8.006996154785156,10.49673524693916,0.0,7.1187591552734375,1.660430908203125,4.4016876220703125,8.532796530680468,4.206742619666968,8.408775,-17.548721,-2.0688083,7.89711,3.4658966,-7.312027,0.29600242,2.4345126,15.0084915,2.234848,6.6711965,3.622753,23.63854591586663,2.5540450767153824,9.797020458567209,5.857164607489902,26.32580055452658,1.0756419839248395,9.928100468973375,6.548593666530276
Happy/2s,Stunning_Texts_Reveal_What_Fox_Hosts_Really_Thought_About_Trumps_Presidency_A_Closer_Look10_4.mp4,117,302,873,999,"[873, 117, 999, 302];[874, 116, 998, 298];[873, 112, 998, 297];[873, 110, 998, 293];[873, 106, 999, 289];[875, 105, 1000, 287];[876, 104, 1001, 287];[877, 104, 1000, 287];[877, 103, 1000, 286];[876, 104, 1000, 286];[876, 106, 1000, 289];[875, 107, 999, 290];[875, 107, 999, 291];[874, 106, 999, 290];[874, 106, 999, 289];[874, 106, 999, 290];[874, 106, 999, 288];[874, 106, 999, 286];[873, 106, 998, 286];[873, 106, 998, 287];[872, 107, 998, 289];[873, 109, 998, 290];[872, 109, 998, 292];[872, 110, 997, 293];[872, 109, 998, 293];[873, 108, 998, 293];[873, 108, 998, 291];[873, 108, 998, 291];[873, 107, 998, 291];[872, 107, 999, 289];[871, 106, 998, 290];[871, 106, 999, 289];[872, 106, 999, 290];[872, 107, 999, 291];[872, 109, 998, 292];[873, 112, 998, 292];[873, 112, 998, 293];[871, 110, 1001, 297];[871, 111, 1001, 299];[870, 111, 1001, 300];[871, 110, 1001, 300];[873, 112, 998, 294];[873, 112, 998, 291];[873, 110, 998, 290];[872, 110, 998, 290];[872, 109, 998, 290];[873, 112, 998, 291];[874, 112, 998, 293];[874, 112, 999, 295];[871, 112, 1002, 300];[871, 112, 1001, 300];[871, 109, 1002, 300];[870, 108, 1002, 299]",1.777,108,299,870,1002,1.558380126953125,8.880363464355469,-11.900886535644531,14.93052257000495,0.0,1.8897705078125,8.612396240234375,-11.509719848632812,14.498905219533412,0.5784785171093305,2.624298,0.76732635,1.6095861,0.4245498,8.945892,6.9980316,7.931083,0.4811015,-2.5440674,-11.900887,-7.0843887,2.2441053,14.93052257000495,8.387425400615658,10.89226093630404,1.5772655618953106,12.002485115773638,0.5784785171093305,6.192438728385727,2.417320134821624
Happy/2s,Trump_Calls_to_Defund_FBI_and_DOJ_After_Arrest_GOP_Wants_to_Prosecute_Biden_A_Closer_Look2_22.mp4,103,285,853,978,"[853, 103, 978, 285];[851, 102, 978, 288];[851, 103, 978, 288];[853, 105, 978, 286];[853, 108, 978, 287];[853, 108, 979, 288];[855, 110, 981, 291];[858, 113, 983, 290];[861, 114, 985, 293];[861, 114, 987, 296];[862, 116, 988, 297];[862, 114, 989, 297];[861, 115, 989, 295];[861, 114, 988, 294];[861, 112, 986, 295];[860, 113, 987, 297];[859, 113, 984, 298];[858, 114, 982, 298];[857, 115, 982, 298];[857, 115, 982, 298];[857, 117, 983, 298];[858, 117, 983, 298];[858, 118, 982, 298];[859, 120, 982, 298];[859, 119, 982, 298];[859, 120, 982, 298];[859, 120, 982, 297];[857, 117, 985, 301];[858, 117, 984, 300];[857, 117, 984, 300];[858, 115, 982, 299];[859, 119, 982, 298];[858, 120, 981, 300];[858, 119, 982, 300];[857, 121, 981, 299];[856, 120, 981, 298];[854, 116, 982, 301];[853, 115, 979, 300]",1.28,115,300,853,979,15.069854736328125,5.69580078125,-1.72503662109375,16.202420179029858,0.0,10.551750183105469,0.2467193603515625,-9.144760131835938,13.965204625720835,10.254660114372012,15.521545,-7.6965714,3.6510003,5.8947935,6.2446747,0.24671936,3.566941,1.2320896,-0.5831299,-10.420006,-7.424989,2.7022755,16.746297359586084,6.56634843200786,10.949428889476994,2.20505197138678,23.519850006017283,1.227765906325488,11.942784298462785,4.501008539914694
Happy/2s,Trump_Blamed_for_Gutting_Financial_Rules_After_Silicon_Valley_Bank_Collapse_A_Closer_Look23_6.mp4,119,303,853,983,"[853, 119, 983, 303];[853, 119, 983, 303];[854, 120, 983, 303];[854, 120, 983, 303];[854, 119, 984, 304];[854, 116, 985, 304];[853, 112, 985, 303];[855, 113, 985, 302];[854, 113, 986, 300];[855, 113, 987, 299];[859, 113, 986, 294];[858, 110, 989, 295];[858, 110, 989, 297];[858, 111, 988, 297];[857, 111, 987, 297];[856, 112, 986, 295];[852, 109, 986, 299];[850, 109, 984, 299];[851, 113, 980, 294];[850, 113, 980, 295];[849, 113, 977, 294];[847, 114, 976, 293];[847, 116, 975, 293];[847, 116, 974, 293];[847, 117, 975, 294];[848, 116, 977, 295];[848, 116, 977, 297];[849, 116, 977, 296];[851, 118, 978, 297];[853, 118, 980, 297];[853, 119, 980, 296];[852, 121, 982, 301];[854, 121, 981, 298];[854, 122, 981, 297];[854, 122, 980, 298];[853, 122, 980, 299];[850, 118, 978, 298];[850, 119, 976, 298];[848, 119, 975, 297];[847, 118, 976, 296];[847, 118, 975, 299];[851, 119, 978, 298];[853, 117, 981, 297];[853, 121, 982, 298];[854, 121, 983, 299];[854, 123, 982, 299];[854, 123, 983, 299];[853, 123, 982, 301];[853, 122, 982, 301];[854, 123, 981, 298];[854, 121, 982, 298];[854, 122, 982, 298];[854, 122, 981, 299];[854, 122, 981, 300];[853, 121, 981, 299];[853, 121, 981, 299];[853, 120, 982, 298]",1.934,120,298,853,982,-2.6618499755859375,15.485977172851562,-5.2320098876953125,16.561245779093674,0.0,0.963958740234375,11.628631591796875,-6.099334716796875,13.166479147370195,5.364499616420596,6.9238358,-9.85215,-0.076171875,3.950399,15.731583,10.862991,12.289472,1.073313,-0.8487854,-8.085426,-5.1392245,1.7654566,17.095286158943946,12.66396953562771,14.001172004555029,1.1358779144973443,12.148151850394202,0.6066619807821809,6.1000017695927164,2.0287142651888384
Happy/2s,Don_Jr_Draws_Embarrassingly_Small_CPAC_Crowd_Trump_Calls_DeSantis_Tiny_D_A_Closer_Look11_4.mp4,110,292,837,960,"[837, 110, 960, 292];[837, 110, 960, 294];[837, 110, 960, 295];[836, 110, 960, 297];[836, 112, 959, 296];[834, 112, 958, 295];[833, 112, 957, 295];[833, 112, 957, 291];[833, 111, 956, 289];[833, 112, 957, 288];[836, 115, 960, 288];[842, 120, 963, 291];[845, 121, 968, 292];[847, 124, 972, 294];[847, 126, 973, 296];[848, 129, 972, 299];[846, 126, 972, 302];[843, 122, 968, 305];[842, 125, 965, 306];[841, 125, 965, 306];[839, 125, 962, 308];[833, 128, 960, 310];[835, 135, 958, 313];[832, 136, 957, 318];[830, 142, 954, 322];[829, 142, 954, 325];[827, 141, 952, 324];[824, 142, 951, 321];[823, 136, 949, 324];[823, 138, 948, 320];[823, 137, 949, 320];[822, 136, 949, 322];[822, 138, 950, 327];[822, 139, 951, 332];[824, 143, 951, 331];[825, 144, 952, 330];[827, 145, 953, 328];[827, 145, 954, 328];[828, 143, 954, 328];[828, 142, 955, 329];[829, 139, 957, 329];[831, 139, 960, 325];[836, 137, 963, 320];[841, 131, 969, 318];[848, 128, 976, 315];[854, 127, 983, 312];[861, 127, 988, 310];[867, 125, 993, 308];[872, 125, 996, 305];[873, 124, 997, 307];[872, 124, 997, 309];[869, 125, 993, 312];[863, 125, 989, 317];[856, 128, 983, 318];[852, 127, 980, 322];[847, 130, 973, 316];[843, 136, 967, 314];[840, 136, 963, 315];[836, 138, 959, 318];[833, 133, 956, 317]",2.038,133,317,833,956,2.444580078125,-0.16651153564453125,-2.3699111938476562,3.4088380596022385,0.0,11.803924560546875,-4.3243865966796875,-9.009147644042969,15.466017449259187,12.205110192268686,16.171303,0.07193756,5.223135,4.2321043,2.2722015,-4.8736115,-1.6640569,1.6458457,-1.7333984,-12.949432,-6.865028,3.3265061,18.405520948131727,2.2930901088007825,9.322574981841074,4.685464305436556,18.12949753536397,0.10336581446900751,7.892149030322978,4.585676799281007
